{
  "AnthropicHH": {
    "no_clean_20k": -0.4007275390625,
    "llm_judge_r": -0.5322065734863282,
    "llm_judge_f": -0.6498681640625,
    "vote_all_r": -0.4955884552001953,
    "vote_all_f": 0.20598220825195312,
    "vote_maj_r": -0.36097381591796873,
    "vote_maj_f": 0.8074574279785156,
    "ins_tag_cmp": -0.5805610656738281,
    "ins_tag_div": -0.22464485168457032,
    "ifd_r_0.2": -0.64147705078125,
    "ifd_gap_r_0.2": -0.6058587646484375,
    "ifd_gap_f_0.2": -0.0586090087890625,
    "rw_gap_r_0.2": -0.1837127685546875,
    "rw_gap_f_0.2": 0.3388786315917969
  },
  "UltraFeedback": {
    "no_clean_20k": -1.2261016845703125,
    "llm_judge_r": -0.8924063110351562,
    "llm_judge_f": 2.56351806640625,
    "vote_all_r": -0.3859564208984375,
    "vote_all_f": -0.3348291015625,
    "vote_maj_r": -0.42557540893554685,
    "vote_maj_f": -1.0102674102783202,
    "ins_tag_cmp": -0.5498689270019531,
    "ins_tag_div": 0.5543717193603516,
    "ifd_r_0.2": 2.497442626953125,
    "ifd_gap_r_0.2": -0.31223388671875,
    "ifd_gap_f_0.2": -1.17085205078125,
    "rw_gap_r_0.2": -0.170455322265625,
    "rw_gap_f_0.2": 1.30982421875
  }
}